DP,DPNOM,AÑO,Total,cod_dep
5,Antioquia,2005,1891949,5
5,Antioquia,2006,1884367,5
5,Antioquia,2007,1873607,5
5,Antioquia,2008,1859912,5
5,Antioquia,2009,1844146,5
5,Antioquia,2010,1826983,5
5,Antioquia,2011,1808472,5
5,Antioquia,2012,1788551,5
5,Antioquia,2013,1767901,5
5,Antioquia,2014,1747485,5
5,Antioquia,2015,1728476,5
5,Antioquia,2016,1713416,5
5,Antioquia,2017,1703369,5
5,Antioquia,2018,1703967,5
5,Antioquia,2019,1712516,5
5,Antioquia,2020,1696647,5
5,Antioquia,2021,1686482,5
5,Antioquia,2022,1673812,5
5,Antioquia,2023,1661547,5
5,Antioquia,2024,1648967,5
5,Antioquia,2025,1635732,5
5,Antioquia,2026,1621891,5
8,Atlántico,2005,760216,8
8,Atlántico,2006,763597,8
8,Atlántico,2007,766133,8
8,Atlántico,2008,767748,8
8,Atlántico,2009,768663,8
8,Atlántico,2010,769034,8
8,Atlántico,2011,768818,8
8,Atlántico,2012,768189,8
8,Atlántico,2013,767409,8
8,Atlántico,2014,766291,8
8,Atlántico,2015,765051,8
8,Atlántico,2016,765515,8
8,Atlántico,2017,768286,8
8,Atlántico,2018,778783,8
8,Atlántico,2019,800635,8
8,Atlántico,2020,800289,8
8,Atlántico,2021,802837,8
8,Atlántico,2022,801346,8
8,Atlántico,2023,797713,8
8,Atlántico,2024,792204,8
8,Atlántico,2025,784887,8
8,Atlántico,2026,776107,8
11,"Bogotá, D.C.",2005,2276018,11
11,"Bogotá, D.C.",2006,2262634,11
11,"Bogotá, D.C.",2007,2243260,11
11,"Bogotá, D.C.",2008,2218081,11
11,"Bogotá, D.C.",2009,2187582,11
11,"Bogotá, D.C.",2010,2151608,11
11,"Bogotá, D.C.",2011,2109573,11
11,"Bogotá, D.C.",2012,2061121,11
11,"Bogotá, D.C.",2013,2006779,11
11,"Bogotá, D.C.",2014,1949051,11
11,"Bogotá, D.C.",2015,1891889,11
11,"Bogotá, D.C.",2016,1841192,11
11,"Bogotá, D.C.",2017,1798187,11
11,"Bogotá, D.C.",2018,1767790,11
11,"Bogotá, D.C.",2019,1778794,11
11,"Bogotá, D.C.",2020,1757375,11
11,"Bogotá, D.C.",2021,1747537,11
11,"Bogotá, D.C.",2022,1729960,11
11,"Bogotá, D.C.",2023,1710456,11
11,"Bogotá, D.C.",2024,1690846,11
11,"Bogotá, D.C.",2025,1670640,11
11,"Bogotá, D.C.",2026,1649904,11
13,Bolívar,2005,687945,13
13,Bolívar,2006,690008,13
13,Bolívar,2007,691266,13
13,Bolívar,2008,691649,13
13,Bolívar,2009,691408,13
13,Bolívar,2010,690665,13
13,Bolívar,2011,689545,13
13,Bolívar,2012,688171,13
13,Bolívar,2013,686745,13
13,Bolívar,2014,685157,13
13,Bolívar,2015,683314,13
13,Bolívar,2016,682167,13
13,Bolívar,2017,682068,13
13,Bolívar,2018,685450,13
13,Bolívar,2019,697129,13
13,Bolívar,2020,692870,13
13,Bolívar,2021,692832,13
13,Bolívar,2022,689870,13
13,Bolívar,2023,685633,13
13,Bolívar,2024,680514,13
13,Bolívar,2025,674471,13
13,Bolívar,2026,667608,13
15,Boyacá,2005,381669,15
15,Boyacá,2006,378423,15
15,Boyacá,2007,375229,15
15,Boyacá,2008,372150,15
15,Boyacá,2009,369149,15
15,Boyacá,2010,366097,15
15,Boyacá,2011,362897,15
15,Boyacá,2012,359608,15
15,Boyacá,2013,356434,15
15,Boyacá,2014,353477,15
15,Boyacá,2015,350731,15
15,Boyacá,2016,348425,15
15,Boyacá,2017,346611,15
15,Boyacá,2018,345816,15
15,Boyacá,2019,346666,15
15,Boyacá,2020,346079,15
15,Boyacá,2021,344447,15
15,Boyacá,2022,342511,15
15,Boyacá,2023,340629,15
15,Boyacá,2024,338477,15
15,Boyacá,2025,336022,15
15,Boyacá,2026,333319,15
17,Caldas,2005,310775,17
17,Caldas,2006,304290,17
17,Caldas,2007,297581,17
17,Caldas,2008,290711,17
17,Caldas,2009,283895,17
17,Caldas,2010,277217,17
17,Caldas,2011,270769,17
17,Caldas,2012,264609,17
17,Caldas,2013,258850,17
17,Caldas,2014,253640,17
17,Caldas,2015,249043,17
17,Caldas,2016,245204,17
17,Caldas,2017,242175,17
17,Caldas,2018,240769,17
17,Caldas,2019,241048,17
17,Caldas,2020,239294,17
17,Caldas,2021,237591,17
17,Caldas,2022,235799,17
17,Caldas,2023,234249,17
17,Caldas,2024,232688,17
17,Caldas,2025,231056,17
17,Caldas,2026,229360,17
18,Caquetá,2005,162190,18
18,Caquetá,2006,161626,18
18,Caquetá,2007,160983,18
18,Caquetá,2008,160217,18
18,Caquetá,2009,159334,18
18,Caquetá,2010,158388,18
18,Caquetá,2011,157361,18
18,Caquetá,2012,156257,18
18,Caquetá,2013,155062,18
18,Caquetá,2014,153796,18
18,Caquetá,2015,152458,18
18,Caquetá,2016,150999,18
18,Caquetá,2017,149472,18
18,Caquetá,2018,147538,18
18,Caquetá,2019,147265,18
18,Caquetá,2020,146800,18
18,Caquetá,2021,146071,18
18,Caquetá,2022,144708,18
18,Caquetá,2023,143119,18
18,Caquetá,2024,141452,18
18,Caquetá,2025,139664,18
18,Caquetá,2026,137773,18
19,Cauca,2005,485344,19
19,Cauca,2006,484756,19
19,Cauca,2007,483586,19
19,Cauca,2008,481931,19
19,Cauca,2009,479816,19
19,Cauca,2010,477153,19
19,Cauca,2011,473850,19
19,Cauca,2012,470036,19
19,Cauca,2013,465990,19
19,Cauca,2014,461872,19
19,Cauca,2015,457778,19
19,Cauca,2016,453884,19
19,Cauca,2017,450350,19
19,Cauca,2018,447627,19
19,Cauca,2019,444682,19
19,Cauca,2020,443502,19
19,Cauca,2021,440229,19
19,Cauca,2022,436788,19
19,Cauca,2023,433949,19
19,Cauca,2024,431343,19
19,Cauca,2025,428856,19
19,Cauca,2026,426407,19
20,Cesar,2005,396510,20
20,Cesar,2006,398539,20
20,Cesar,2007,400543,20
20,Cesar,2008,402450,20
20,Cesar,2009,404306,20
20,Cesar,2010,406239,20
20,Cesar,2011,408238,20
20,Cesar,2012,410367,20
20,Cesar,2013,412628,20
20,Cesar,2014,414946,20
20,Cesar,2015,417364,20
20,Cesar,2016,420708,20
20,Cesar,2017,425236,20
20,Cesar,2018,434089,20
20,Cesar,2019,446738,20
20,Cesar,2020,451270,20
20,Cesar,2021,455320,20
20,Cesar,2022,457409,20
20,Cesar,2023,458377,20
20,Cesar,2024,458207,20
20,Cesar,2025,456926,20
20,Cesar,2026,454762,20
23,Córdoba,2005,579315,23
23,Córdoba,2006,580902,23
23,Córdoba,2007,582003,23
23,Córdoba,2008,582593,23
23,Córdoba,2009,582741,23
23,Córdoba,2010,582531,23
23,Córdoba,2011,581983,23
23,Córdoba,2012,581281,23
23,Córdoba,2013,580621,23
23,Córdoba,2014,580035,23
23,Córdoba,2015,579537,23
23,Córdoba,2016,579425,23
23,Córdoba,2017,579800,23
23,Córdoba,2018,581496,23
23,Córdoba,2019,583870,23
23,Córdoba,2020,583887,23
23,Córdoba,2021,582877,23
23,Córdoba,2022,580185,23
23,Córdoba,2023,576978,23
23,Córdoba,2024,573330,23
23,Córdoba,2025,569135,23
23,Córdoba,2026,564459,23
25,Cundinamarca,2005,679746,25
25,Cundinamarca,2006,682845,25
25,Cundinamarca,2007,686449,25
25,Cundinamarca,2008,690803,25
25,Cundinamarca,2009,695931,25
25,Cundinamarca,2010,701728,25
25,Cundinamarca,2011,708084,25
25,Cundinamarca,2012,715329,25
25,Cundinamarca,2013,724084,25
25,Cundinamarca,2014,734612,25
25,Cundinamarca,2015,747192,25
25,Cundinamarca,2016,763080,25
25,Cundinamarca,2017,782970,25
25,Cundinamarca,2018,815438,25
25,Cundinamarca,2019,853740,25
25,Cundinamarca,2020,845838,25
25,Cundinamarca,2021,854504,25
25,Cundinamarca,2022,867998,25
25,Cundinamarca,2023,884283,25
25,Cundinamarca,2024,899783,25
25,Cundinamarca,2025,914238,25
25,Cundinamarca,2026,927621,25
27,Chocó,2005,183502,27
27,Chocó,2006,186530,27
27,Chocó,2007,189503,27
27,Chocó,2008,192342,27
27,Chocó,2009,195119,27
27,Chocó,2010,197897,27
27,Chocó,2011,200692,27
27,Chocó,2012,203457,27
27,Chocó,2013,206217,27
27,Chocó,2014,208865,27
27,Chocó,2015,211263,27
27,Chocó,2016,213307,27
27,Chocó,2017,215012,27
27,Chocó,2018,216050,27
27,Chocó,2019,215232,27
27,Chocó,2020,218585,27
27,Chocó,2021,218687,27
27,Chocó,2022,218045,27
27,Chocó,2023,217430,27
27,Chocó,2024,216762,27
27,Chocó,2025,215830,27
27,Chocó,2026,214689,27
41,Huila,2005,361030,41
41,Huila,2006,361863,41
41,Huila,2007,362404,41
41,Huila,2008,362682,41
41,Huila,2009,362783,41
41,Huila,2010,362782,41
41,Huila,2011,362734,41
41,Huila,2012,362676,41
41,Huila,2013,362722,41
41,Huila,2014,362955,41
41,Huila,2015,363316,41
41,Huila,2016,363948,41
41,Huila,2017,364830,41
41,Huila,2018,366341,41
41,Huila,2019,366178,41
41,Huila,2020,370124,41
41,Huila,2021,370694,41
41,Huila,2022,370450,41
41,Huila,2023,369968,41
41,Huila,2024,369143,41
41,Huila,2025,367910,41
41,Huila,2026,366257,41
44,La Guajira,2005,296398,44
44,La Guajira,2006,301564,44
44,La Guajira,2007,306745,44
44,La Guajira,2008,312133,44
44,La Guajira,2009,317681,44
44,La Guajira,2010,323140,44
44,La Guajira,2011,328259,44
44,La Guajira,2012,333102,44
44,La Guajira,2013,337699,44
44,La Guajira,2014,341937,44
44,La Guajira,2015,345861,44
44,La Guajira,2016,350390,44
44,La Guajira,2017,355723,44
44,La Guajira,2018,364485,44
44,La Guajira,2019,375732,44
44,La Guajira,2020,383842,44
44,La Guajira,2021,389579,44
44,La Guajira,2022,393453,44
44,La Guajira,2023,396511,44
44,La Guajira,2024,398697,44
44,La Guajira,2025,399733,44
44,La Guajira,2026,399613,44
47,Magdalena,2005,434285,47
47,Magdalena,2006,438777,47
47,Magdalena,2007,443061,47
47,Magdalena,2008,447026,47
47,Magdalena,2009,450652,47
47,Magdalena,2010,453872,47
47,Magdalena,2011,456630,47
47,Magdalena,2012,458923,47
47,Magdalena,2013,460865,47
47,Magdalena,2014,462311,47
47,Magdalena,2015,463326,47
47,Magdalena,2016,464765,47
47,Magdalena,2017,466878,47
47,Magdalena,2018,472103,47
47,Magdalena,2019,481630,47
47,Magdalena,2020,480870,47
47,Magdalena,2021,481686,47
47,Magdalena,2022,480431,47
47,Magdalena,2023,478261,47
47,Magdalena,2024,475315,47
47,Magdalena,2025,471562,47
47,Magdalena,2026,467181,47
50,Meta,2005,301772,50
50,Meta,2006,305753,50
50,Meta,2007,309225,50
50,Meta,2008,312178,50
50,Meta,2009,314671,50
50,Meta,2010,316769,50
50,Meta,2011,318525,50
50,Meta,2012,319928,50
50,Meta,2013,321160,50
50,Meta,2014,322163,50
50,Meta,2015,323022,50
50,Meta,2016,323777,50
50,Meta,2017,324563,50
50,Meta,2018,325396,50
50,Meta,2019,324865,50
50,Meta,2020,326714,50
50,Meta,2021,325980,50
50,Meta,2022,324985,50
50,Meta,2023,324126,50
50,Meta,2024,323064,50
50,Meta,2025,321696,50
50,Meta,2026,320033,50
52,Nariño,2005,536829,52
52,Nariño,2006,533986,52
52,Nariño,2007,530415,52
52,Nariño,2008,526255,52
52,Nariño,2009,521540,52
52,Nariño,2010,516262,52
52,Nariño,2011,510288,52
52,Nariño,2012,503861,52
52,Nariño,2013,497350,52
52,Nariño,2014,491019,52
52,Nariño,2015,485022,52
52,Nariño,2016,479517,52
52,Nariño,2017,474631,52
52,Nariño,2018,470726,52
52,Nariño,2019,464255,52
52,Nariño,2020,465438,52
52,Nariño,2021,461860,52
52,Nariño,2022,457584,52
52,Nariño,2023,453755,52
52,Nariño,2024,450174,52
52,Nariño,2025,446627,52
52,Nariño,2026,443049,52
54,Norte de Santander,2005,468767,54
54,Norte de Santander,2006,469393,54
54,Norte de Santander,2007,469537,54
54,Norte de Santander,2008,469223,54
54,Norte de Santander,2009,468431,54
54,Norte de Santander,2010,466979,54
54,Norte de Santander,2011,464753,54
54,Norte de Santander,2012,461910,54
54,Norte de Santander,2013,458705,54
54,Norte de Santander,2014,455091,54
54,Norte de Santander,2015,451648,54
54,Norte de Santander,2016,450375,54
54,Norte de Santander,2017,451912,54
54,Norte de Santander,2018,461460,54
54,Norte de Santander,2019,480102,54
54,Norte de Santander,2020,483703,54
54,Norte de Santander,2021,488368,54
54,Norte de Santander,2022,489292,54
54,Norte de Santander,2023,488041,54
54,Norte de Santander,2024,485288,54
54,Norte de Santander,2025,481264,54
54,Norte de Santander,2026,476237,54
63,Quindío,2005,156418,63
63,Quindío,2006,154130,63
63,Quindío,2007,151480,63
63,Quindío,2008,148543,63
63,Quindío,2009,145462,63
63,Quindío,2010,142340,63
63,Quindío,2011,139159,63
63,Quindío,2012,135909,63
63,Quindío,2013,132747,63
63,Quindío,2014,129850,63
63,Quindío,2015,127327,63
63,Quindío,2016,125343,63
63,Quindío,2017,123904,63
63,Quindío,2018,123543,63
63,Quindío,2019,124140,63
63,Quindío,2020,123041,63
63,Quindío,2021,122226,63
63,Quindío,2022,121427,63
63,Quindío,2023,120851,63
63,Quindío,2024,120266,63
63,Quindío,2025,119623,63
63,Quindío,2026,118939,63
66,Risaralda,2005,279888,66
66,Risaralda,2006,277051,66
66,Risaralda,2007,273568,66
66,Risaralda,2008,269522,66
66,Risaralda,2009,265253,66
66,Risaralda,2010,260964,66
66,Risaralda,2011,256657,66
66,Risaralda,2012,252245,66
66,Risaralda,2013,247862,66
66,Risaralda,2014,243820,66
66,Risaralda,2015,240287,66
66,Risaralda,2016,237428,66
66,Risaralda,2017,235304,66
66,Risaralda,2018,234281,66
66,Risaralda,2019,233286,66
66,Risaralda,2020,233522,66
66,Risaralda,2021,231936,66
66,Risaralda,2022,229844,66
66,Risaralda,2023,227886,66
66,Risaralda,2024,225827,66
66,Risaralda,2025,223610,66
66,Risaralda,2026,221246,66
68,Santander,2005,634163,68
68,Santander,2006,632898,68
68,Santander,2007,631086,68
68,Santander,2008,628791,68
68,Santander,2009,626024,68
68,Santander,2010,622655,68
68,Santander,2011,618555,68
68,Santander,2012,613799,68
68,Santander,2013,608541,68
68,Santander,2014,602999,68
68,Santander,2015,597761,68
68,Santander,2016,594108,68
68,Santander,2017,592282,68
68,Santander,2018,595059,68
68,Santander,2019,603838,68
68,Santander,2020,600212,68
68,Santander,2021,598846,68
68,Santander,2022,595883,68
68,Santander,2023,592415,68
68,Santander,2024,588249,68
68,Santander,2025,583379,68
68,Santander,2026,577930,68
70,Sucre,2005,297645,70
70,Sucre,2006,298180,70
70,Sucre,2007,298462,70
70,Sucre,2008,298477,70
70,Sucre,2009,298320,70
70,Sucre,2010,298106,70
70,Sucre,2011,297855,70
70,Sucre,2012,297615,70
70,Sucre,2013,297474,70
70,Sucre,2014,297289,70
70,Sucre,2015,296974,70
70,Sucre,2016,296777,70
70,Sucre,2017,296868,70
70,Sucre,2018,298548,70
70,Sucre,2019,302398,70
70,Sucre,2020,301079,70
70,Sucre,2021,300629,70
70,Sucre,2022,299536,70
70,Sucre,2023,298272,70
70,Sucre,2024,296725,70
70,Sucre,2025,294872,70
70,Sucre,2026,292746,70
73,Tolima,2005,450227,73
73,Tolima,2006,445518,73
73,Tolima,2007,440306,73
73,Tolima,2008,434667,73
73,Tolima,2009,428700,73
73,Tolima,2010,422563,73
73,Tolima,2011,416318,73
73,Tolima,2012,409966,73
73,Tolima,2013,403656,73
73,Tolima,2014,397350,73
73,Tolima,2015,390953,73
73,Tolima,2016,384479,73
73,Tolima,2017,377966,73
73,Tolima,2018,371547,73
73,Tolima,2019,366219,73
73,Tolima,2020,362253,73
73,Tolima,2021,356594,73
73,Tolima,2022,350756,73
73,Tolima,2023,345403,73
73,Tolima,2024,340333,73
73,Tolima,2025,335359,73
73,Tolima,2026,330490,73
76,Valle del Cauca,2005,1396119,76
76,Valle del Cauca,2006,1391590,76
76,Valle del Cauca,2007,1384863,76
76,Valle del Cauca,2008,1376081,76
76,Valle del Cauca,2009,1366357,76
76,Valle del Cauca,2010,1356388,76
76,Valle del Cauca,2011,1345984,76
76,Valle del Cauca,2012,1334658,76
76,Valle del Cauca,2013,1322709,76
76,Valle del Cauca,2014,1310934,76
76,Valle del Cauca,2015,1299688,76
76,Valle del Cauca,2016,1289754,76
76,Valle del Cauca,2017,1281004,76
76,Valle del Cauca,2018,1278307,76
76,Valle del Cauca,2019,1270072,76
76,Valle del Cauca,2020,1270771,76
76,Valle del Cauca,2021,1261904,76
76,Valle del Cauca,2022,1248595,76
76,Valle del Cauca,2023,1234350,76
76,Valle del Cauca,2024,1219092,76
76,Valle del Cauca,2025,1202765,76
76,Valle del Cauca,2026,1185519,76
81,Arauca,2005,93800,81
81,Arauca,2006,93173,81
81,Arauca,2007,92530,81
81,Arauca,2008,91882,81
81,Arauca,2009,91234,81
81,Arauca,2010,90573,81
81,Arauca,2011,89918,81
81,Arauca,2012,89277,81
81,Arauca,2013,88734,81
81,Arauca,2014,88256,81
81,Arauca,2015,87970,81
81,Arauca,2016,88275,81
81,Arauca,2017,89297,81
81,Arauca,2018,92416,81
81,Arauca,2019,97854,81
81,Arauca,2020,97720,81
81,Arauca,2021,99164,81
81,Arauca,2022,99977,81
81,Arauca,2023,100447,81
81,Arauca,2024,100604,81
81,Arauca,2025,100464,81
81,Arauca,2026,100078,81
85,Casanare,2005,133793,85
85,Casanare,2006,134694,85
85,Casanare,2007,135508,85
85,Casanare,2008,136213,85
85,Casanare,2009,136822,85
85,Casanare,2010,137325,85
85,Casanare,2011,137679,85
85,Casanare,2012,137890,85
85,Casanare,2013,138054,85
85,Casanare,2014,138132,85
85,Casanare,2015,138231,85
85,Casanare,2016,138474,85
85,Casanare,2017,138973,85
85,Casanare,2018,140040,85
85,Casanare,2019,141216,85
85,Casanare,2020,142269,85
85,Casanare,2021,142525,85
85,Casanare,2022,142460,85
85,Casanare,2023,142391,85
85,Casanare,2024,142202,85
85,Casanare,2025,141842,85
85,Casanare,2026,141307,85
86,Putumayo,2005,113135,86
86,Putumayo,2006,114592,86
86,Putumayo,2007,115944,86
86,Putumayo,2008,117189,86
86,Putumayo,2009,118320,86
86,Putumayo,2010,119241,86
86,Putumayo,2011,119881,86
86,Putumayo,2012,120229,86
86,Putumayo,2013,120385,86
86,Putumayo,2014,120405,86
86,Putumayo,2015,120331,86
86,Putumayo,2016,120274,86
86,Putumayo,2017,120318,86
86,Putumayo,2018,120543,86
86,Putumayo,2019,120561,86
86,Putumayo,2020,120976,86
86,Putumayo,2021,120676,86
86,Putumayo,2022,120214,86
86,Putumayo,2023,119830,86
86,Putumayo,2024,119425,86
86,Putumayo,2025,118945,86
86,Putumayo,2026,118419,86
88,"Archipiélago de San Andrés, Providencia y Santa Catalina",2005,21416,88
88,"Archipiélago de San Andrés, Providencia y Santa Catalina",2006,20932,88
88,"Archipiélago de San Andrés, Providencia y Santa Catalina",2007,20421,88
88,"Archipiélago de San Andrés, Providencia y Santa Catalina",2008,19888,88
88,"Archipiélago de San Andrés, Providencia y Santa Catalina",2009,19334,88
88,"Archipiélago de San Andrés, Providencia y Santa Catalina",2010,18834,88
88,"Archipiélago de San Andrés, Providencia y Santa Catalina",2011,18385,88
88,"Archipiélago de San Andrés, Providencia y Santa Catalina",2012,17997,88
88,"Archipiélago de San Andrés, Providencia y Santa Catalina",2013,17662,88
88,"Archipiélago de San Andrés, Providencia y Santa Catalina",2014,17368,88
88,"Archipiélago de San Andrés, Providencia y Santa Catalina",2015,17129,88
88,"Archipiélago de San Andrés, Providencia y Santa Catalina",2016,16916,88
88,"Archipiélago de San Andrés, Providencia y Santa Catalina",2017,16731,88
88,"Archipiélago de San Andrés, Providencia y Santa Catalina",2018,16544,88
88,"Archipiélago de San Andrés, Providencia y Santa Catalina",2019,16794,88
88,"Archipiélago de San Andrés, Providencia y Santa Catalina",2020,16352,88
88,"Archipiélago de San Andrés, Providencia y Santa Catalina",2021,16246,88
88,"Archipiélago de San Andrés, Providencia y Santa Catalina",2022,16067,88
88,"Archipiélago de San Andrés, Providencia y Santa Catalina",2023,15861,88
88,"Archipiélago de San Andrés, Providencia y Santa Catalina",2024,15640,88
88,"Archipiélago de San Andrés, Providencia y Santa Catalina",2025,15403,88
88,"Archipiélago de San Andrés, Providencia y Santa Catalina",2026,15162,88
91,Amazonas,2005,28177,91
91,Amazonas,2006,28525,91
91,Amazonas,2007,28901,91
91,Amazonas,2008,29286,91
91,Amazonas,2009,29719,91
91,Amazonas,2010,30169,91
91,Amazonas,2011,30656,91
91,Amazonas,2012,31138,91
91,Amazonas,2013,31620,91
91,Amazonas,2014,32095,91
91,Amazonas,2015,32519,91
91,Amazonas,2016,32934,91
91,Amazonas,2017,33297,91
91,Amazonas,2018,33592,91
91,Amazonas,2019,33703,91
91,Amazonas,2020,34244,91
91,Amazonas,2021,34489,91
91,Amazonas,2022,34597,91
91,Amazonas,2023,34612,91
91,Amazonas,2024,34564,91
91,Amazonas,2025,34455,91
91,Amazonas,2026,34292,91
94,Guainía,2005,16195,94
94,Guainía,2006,16894,94
94,Guainía,2007,17619,94
94,Guainía,2008,18346,94
94,Guainía,2009,19049,94
94,Guainía,2010,19755,94
94,Guainía,2011,20396,94
94,Guainía,2012,20993,94
94,Guainía,2013,21540,94
94,Guainía,2014,22044,94
94,Guainía,2015,22495,94
94,Guainía,2016,22913,94
94,Guainía,2017,23327,94
94,Guainía,2018,23771,94
94,Guainía,2019,23784,94
94,Guainía,2020,24448,94
94,Guainía,2021,24659,94
94,Guainía,2022,24836,94
94,Guainía,2023,25004,94
94,Guainía,2024,25157,94
94,Guainía,2025,25287,94
94,Guainía,2026,25407,94
95,Guaviare,2005,32230,95
95,Guaviare,2006,31973,95
95,Guaviare,2007,31759,95
95,Guaviare,2008,31619,95
95,Guaviare,2009,31506,95
95,Guaviare,2010,31433,95
95,Guaviare,2011,31351,95
95,Guaviare,2012,31269,95
95,Guaviare,2013,31231,95
95,Guaviare,2014,31207,95
95,Guaviare,2015,31262,95
95,Guaviare,2016,31359,95
95,Guaviare,2017,31549,95
95,Guaviare,2018,32007,95
95,Guaviare,2019,32305,95
95,Guaviare,2020,33086,95
95,Guaviare,2021,33480,95
95,Guaviare,2022,33906,95
95,Guaviare,2023,34353,95
95,Guaviare,2024,34775,95
95,Guaviare,2025,35156,95
95,Guaviare,2026,35512,95
97,Vaupés,2005,13834,97
97,Vaupés,2006,14684,97
97,Vaupés,2007,15544,97
97,Vaupés,2008,16418,97
97,Vaupés,2009,17279,97
97,Vaupés,2010,18128,97
97,Vaupés,2011,18951,97
97,Vaupés,2012,19740,97
97,Vaupés,2013,20511,97
97,Vaupés,2014,21182,97
97,Vaupés,2015,21780,97
97,Vaupés,2016,22254,97
97,Vaupés,2017,22595,97
97,Vaupés,2018,22703,97
97,Vaupés,2019,23102,97
97,Vaupés,2020,22938,97
97,Vaupés,2021,23045,97
97,Vaupés,2022,23113,97
97,Vaupés,2023,23180,97
97,Vaupés,2024,23256,97
97,Vaupés,2025,23353,97
97,Vaupés,2026,23472,97
99,Vichada,2005,38225,99
99,Vichada,2006,39403,99
99,Vichada,2007,40589,99
99,Vichada,2008,41754,99
99,Vichada,2009,42891,99
99,Vichada,2010,43952,99
99,Vichada,2011,44936,99
99,Vichada,2012,45845,99
99,Vichada,2013,46637,99
99,Vichada,2014,47321,99
99,Vichada,2015,47934,99
99,Vichada,2016,48450,99
99,Vichada,2017,48939,99
99,Vichada,2018,49397,99
99,Vichada,2019,49699,99
99,Vichada,2020,50198,99
99,Vichada,2021,50427,99
99,Vichada,2022,50461,99
99,Vichada,2023,50385,99
99,Vichada,2024,50261,99
99,Vichada,2025,50119,99
99,Vichada,2026,49950,99
